lot_id,wafer_id,site_id,die_x,die_y,radius_norm,theta_deg,zone,thickness_nm,sheet_resistance_ohm_sq,synthetic_pattern_note
LOT-DEP-EDGE,WAFER-DEPO-002,X-12_Y+00,-12,0,1.0,180.0,edge,100.3957,50.5895,deposition_edge_ring+center_anomaly
LOT-DEP-EDGE,WAFER-DEPO-002,X-11_Y-04,-11,-4,0.97539,-160.017,edge,99.4601,51.7332,deposition_edge_ring+center_anomaly
LOT-DEP-EDGE,WAFER-DEPO-002,X-11_Y-03,-11,-3,0.95015,-164.745,edge,97.9544,51.9953,deposition_edge_ring+center_anomaly
LOT-DEP-EDGE,WAFER-DEPO-002,X-11_Y-02,-11,-2,0.93169,-169.695,edge,97.2653,52.645,deposition_edge_ring+center_anomaly
LOT-DEP-EDGE,WAFER-DEPO-002,X-11_Y-01,-11,-1,0.92045,-174.806,edge,96.7537,53.0715,deposition_edge_ring+center_anomaly
LOT-DEP-EDGE,WAFER-DEPO-002,X-11_Y+00,-11,0,0.91667,180.0,edge,97.0727,52.7783,deposition_edge_ring+center_anomaly
LOT-DEP-EDGE,WAFER-DEPO-002,X-11_Y+01,-11,1,0.92045,174.806,edge,96.8341,52.774,deposition_edge_ring+center_anomaly
LOT-DEP-EDGE,WAFER-DEPO-002,X-11_Y+02,-11,2,0.93169,169.695,edge,97.2724,52.5661,deposition_edge_ring+center_anomaly
LOT-DEP-EDGE,WAFER-DEPO-002,X-11_Y+03,-11,3,0.95015,164.745,edge,98.2101,52.1518,deposition_edge_ring+center_anomaly
LOT-DEP-EDGE,WAFER-DEPO-002,X-11_Y+04,-11,4,0.97539,160.017,edge,99.759,51.0421,deposition_edge_ring+center_anomaly
LOT-DEP-EDGE,WAFER-DEPO-002,X-10_Y-06,-10,-6,0.97183,-149.036,edge,99.3824,51.3784,deposition_edge_ring+center_anomaly
LOT-DEP-EDGE,WAFER-DEPO-002,X-10_Y-05,-10,-5,0.93169,-153.435,edge,97.3799,52.4347,deposition_edge_ring+center_anomaly
LOT-DEP-EDGE,WAFER-DEPO-002,X-10_Y-04,-10,-4,0.89753,-158.199,edge,96.749,52.8237,deposition_edge_ring+center_anomaly
LOT-DEP-EDGE,WAFER-DEPO-002,X-10_Y-03,-10,-3,0.87003,-163.301,edge,96.972,52.5566,deposition_edge_ring+center_anomaly
LOT-DEP-EDGE,WAFER-DEPO-002,X-10_Y-02,-10,-2,0.84984,-168.69,edge,98.0283,51.8643,deposition_edge_ring+center_anomaly
LOT-DEP-EDGE,WAFER-DEPO-002,X-10_Y-01,-10,-1,0.83749,-174.289,edge,98.807,51.7102,deposition_edge_ring+center_anomaly
LOT-DEP-EDGE,WAFER-DEPO-002,X-10_Y+00,-10,0,0.83333,180.0,edge,99.2678,51.4857,deposition_edge_ring+center_anomaly
LOT-DEP-EDGE,WAFER-DEPO-002,X-10_Y+01,-10,1,0.83749,174.289,edge,98.4879,51.8156,deposition_edge_ring+center_anomaly
LOT-DEP-EDGE,WAFER-DEPO-002,X-10_Y+02,-10,2,0.84984,168.69,edge,97.6058,51.9367,deposition_edge_ring+center_anomaly
LOT-DEP-EDGE,WAFER-DEPO-002,X-10_Y+03,-10,3,0.87003,163.301,edge,97.2622,52.5888,deposition_edge_ring+center_anomaly
LOT-DEP-EDGE,WAFER-DEPO-002,X-10_Y+04,-10,4,0.89753,158.199,edge,96.5069,52.7891,deposition_edge_ring+center_anomaly
LOT-DEP-EDGE,WAFER-DEPO-002,X-10_Y+05,-10,5,0.93169,153.435,edge,97.6828,52.4581,deposition_edge_ring+center_anomaly
LOT-DEP-EDGE,WAFER-DEPO-002,X-10_Y+06,-10,6,0.97183,149.036,edge,99.1363,51.362,deposition_edge_ring+center_anomaly
LOT-DEP-EDGE,WAFER-DEPO-002,X-09_Y-07,-9,-7,0.95015,-142.125,edge,98.6102,52.1324,deposition_edge_ring+center_anomaly
LOT-DEP-EDGE,WAFER-DEPO-002,X-09_Y-06,-9,-6,0.90139,-146.31,edge,96.999,52.7606,deposition_edge_ring+center_anomaly
LOT-DEP-EDGE,WAFER-DEPO-002,X-09_Y-05,-9,-5,0.85797,-150.945,edge,97.5021,51.9998,deposition_edge_ring+center_anomaly
LOT-DEP-EDGE,WAFER-DEPO-002,X-09_Y-04,-9,-4,0.82074,-156.038,edge,99.8348,50.9725,deposition_edge_ring+center_anomaly
LOT-DEP-EDGE,WAFER-DEPO-002,X-09_Y-03,-9,-3,0.79057,-161.565,middle,101.4053,50.0596,deposition_edge_ring+center_anomaly
LOT-DEP-EDGE,WAFER-DEPO-002,X-09_Y-02,-9,-2,0.7683,-167.471,middle,102.0522,49.6889,deposition_edge_ring+center_anomaly
LOT-DEP-EDGE,WAFER-DEPO-002,X-09_Y-01,-9,-1,0.75462,-173.66,middle,101.5176,49.3652,deposition_edge_ring+center_anomaly
LOT-DEP-EDGE,WAFER-DEPO-002,X-09_Y+00,-9,0,0.75,180.0,middle,102.8769,49.379,deposition_edge_ring+center_anomaly
LOT-DEP-EDGE,WAFER-DEPO-002,X-09_Y+01,-9,1,0.75462,173.66,middle,102.2182,49.6556,deposition_edge_ring+center_anomaly
LOT-DEP-EDGE,WAFER-DEPO-002,X-09_Y+02,-9,2,0.7683,167.471,middle,102.0553,49.6783,deposition_edge_ring+center_anomaly
LOT-DEP-EDGE,WAFER-DEPO-002,X-09_Y+03,-9,3,0.79057,161.565,middle,101.5273,50.4701,deposition_edge_ring+center_anomaly
LOT-DEP-EDGE,WAFER-DEPO-002,X-09_Y+04,-9,4,0.82074,156.038,edge,99.0377,51.3207,deposition_edge_ring+center_anomaly
LOT-DEP-EDGE,WAFER-DEPO-002,X-09_Y+05,-9,5,0.85797,150.945,edge,97.6902,52.2252,deposition_edge_ring+center_anomaly
LOT-DEP-EDGE,WAFER-DEPO-002,X-09_Y+06,-9,6,0.90139,146.31,edge,96.7212,52.8849,deposition_edge_ring+center_anomaly
LOT-DEP-EDGE,WAFER-DEPO-002,X-09_Y+07,-9,7,0.95015,142.125,edge,97.7658,52.0015,deposition_edge_ring+center_anomaly
LOT-DEP-EDGE,WAFER-DEPO-002,X-08_Y-08,-8,-8,0.94281,-135.0,edge,98.0534,52.4024,deposition_edge_ring+center_anomaly
LOT-DEP-EDGE,WAFER-DEPO-002,X-08_Y-07,-8,-7,0.88585,-138.814,edge,97.1429,52.9131,deposition_edge_ring+center_anomaly
LOT-DEP-EDGE,WAFER-DEPO-002,X-08_Y-06,-8,-6,0.83333,-143.13,edge,99.6688,51.1271,deposition_edge_ring+center_anomaly
LOT-DEP-EDGE,WAFER-DEPO-002,X-08_Y-05,-8,-5,0.78617,-147.995,middle,101.4636,50.3123,deposition_edge_ring+center_anomaly
LOT-DEP-EDGE,WAFER-DEPO-002,X-08_Y-04,-8,-4,0.74536,-153.435,middle,102.3372,49.2468,deposition_edge_ring+center_anomaly
LOT-DEP-EDGE,WAFER-DEPO-002,X-08_Y-03,-8,-3,0.712,-159.444,middle,102.9779,49.1392,deposition_edge_ring+center_anomaly
LOT-DEP-EDGE,WAFER-DEPO-002,X-08_Y-02,-8,-2,0.68718,-165.964,middle,102.711,49.1694,deposition_edge_ring+center_anomaly
LOT-DEP-EDGE,WAFER-DEPO-002,X-08_Y-01,-8,-1,0.67185,-172.875,middle,103.1171,49.1635,deposition_edge_ring+center_anomaly
LOT-DEP-EDGE,WAFER-DEPO-002,X-08_Y+00,-8,0,0.66667,180.0,middle,102.8737,49.0316,deposition_edge_ring+center_anomaly
LOT-DEP-EDGE,WAFER-DEPO-002,X-08_Y+01,-8,1,0.67185,172.875,middle,102.9691,49.0246,deposition_edge_ring+center_anomaly
LOT-DEP-EDGE,WAFER-DEPO-002,X-08_Y+02,-8,2,0.68718,165.964,middle,103.0343,49.2687,deposition_edge_ring+center_anomaly
LOT-DEP-EDGE,WAFER-DEPO-002,X-08_Y+03,-8,3,0.712,159.444,middle,103.3768,48.9822,deposition_edge_ring+center_anomaly
LOT-DEP-EDGE,WAFER-DEPO-002,X-08_Y+04,-8,4,0.74536,153.435,middle,102.1922,49.5738,deposition_edge_ring+center_anomaly
LOT-DEP-EDGE,WAFER-DEPO-002,X-08_Y+05,-8,5,0.78617,147.995,middle,101.3619,50.0439,deposition_edge_ring+center_anomaly
LOT-DEP-EDGE,WAFER-DEPO-002,X-08_Y+06,-8,6,0.83333,143.13,edge,99.2584,51.5557,deposition_edge_ring+center_anomaly
LOT-DEP-EDGE,WAFER-DEPO-002,X-08_Y+07,-8,7,0.88585,138.814,edge,96.6026,53.0577,deposition_edge_ring+center_anomaly
LOT-DEP-EDGE,WAFER-DEPO-002,X-08_Y+08,-8,8,0.94281,135.0,edge,97.4377,52.2597,deposition_edge_ring+center_anomaly
LOT-DEP-EDGE,WAFER-DEPO-002,X-07_Y-09,-7,-9,0.95015,-127.875,edge,98.1108,52.143,deposition_edge_ring+center_anomaly
LOT-DEP-EDGE,WAFER-DEPO-002,X-07_Y-08,-7,-8,0.88585,-131.186,edge,96.7642,52.6644,deposition_edge_ring+center_anomaly
LOT-DEP-EDGE,WAFER-DEPO-002,X-07_Y-07,-7,-7,0.82496,-135.0,edge,99.895,51.3418,deposition_edge_ring+center_anomaly
LOT-DEP-EDGE,WAFER-DEPO-002,X-07_Y-06,-7,-6,0.7683,-139.399,middle,102.1451,49.6271,deposition_edge_ring+center_anomaly
LOT-DEP-EDGE,WAFER-DEPO-002,X-07_Y-05,-7,-5,0.71686,-144.462,middle,102.85,49.1535,deposition_edge_ring+center_anomaly
LOT-DEP-EDGE,WAFER-DEPO-002,X-07_Y-04,-7,-4,0.67185,-150.255,middle,102.8543,49.1677,deposition_edge_ring+center_anomaly
LOT-DEP-EDGE,WAFER-DEPO-002,X-07_Y-03,-7,-3,0.63465,-156.801,middle,103.5484,49.0932,deposition_edge_ring+center_anomaly
LOT-DEP-EDGE,WAFER-DEPO-002,X-07_Y-02,-7,-2,0.60668,-164.055,middle,103.4978,49.1614,deposition_edge_ring+center_anomaly
LOT-DEP-EDGE,WAFER-DEPO-002,X-07_Y-01,-7,-1,0.58926,-171.87,middle,103.4158,49.1351,deposition_edge_ring+center_anomaly
LOT-DEP-EDGE,WAFER-DEPO-002,X-07_Y+00,-7,0,0.58333,180.0,middle,103.5844,48.7242,deposition_edge_ring+center_anomaly
LOT-DEP-EDGE,WAFER-DEPO-002,X-07_Y+01,-7,1,0.58926,171.87,middle,103.4995,48.9949,deposition_edge_ring+center_anomaly
LOT-DEP-EDGE,WAFER-DEPO-002,X-07_Y+02,-7,2,0.60668,164.055,middle,103.2971,49.0288,deposition_edge_ring+center_anomaly
LOT-DEP-EDGE,WAFER-DEPO-002,X-07_Y+03,-7,3,0.63465,156.801,middle,102.6673,49.5524,deposition_edge_ring+center_anomaly
LOT-DEP-EDGE,WAFER-DEPO-002,X-07_Y+04,-7,4,0.67185,150.255,middle,103.5381,49.1095,deposition_edge_ring+center_anomaly
LOT-DEP-EDGE,WAFER-DEPO-002,X-07_Y+05,-7,5,0.71686,144.462,middle,102.9146,49.3115,deposition_edge_ring+center_anomaly
LOT-DEP-EDGE,WAFER-DEPO-002,X-07_Y+06,-7,6,0.7683,139.399,middle,101.7099,49.6258,deposition_edge_ring+center_anomaly
LOT-DEP-EDGE,WAFER-DEPO-002,X-07_Y+07,-7,7,0.82496,135.0,edge,99.644,51.0776,deposition_edge_ring+center_anomaly
LOT-DEP-EDGE,WAFER-DEPO-002,X-07_Y+08,-7,8,0.88585,131.186,edge,96.3209,52.7826,deposition_edge_ring+center_anomaly
LOT-DEP-EDGE,WAFER-DEPO-002,X-07_Y+09,-7,9,0.95015,127.875,edge,98.4213,51.9256,deposition_edge_ring+center_anomaly
LOT-DEP-EDGE,WAFER-DEPO-002,X-06_Y-10,-6,-10,0.97183,-120.964,edge,99.7976,51.2556,deposition_edge_ring+center_anomaly
LOT-DEP-EDGE,WAFER-DEPO-002,X-06_Y-09,-6,-9,0.90139,-123.69,edge,96.9685,52.6139,deposition_edge_ring+center_anomaly
LOT-DEP-EDGE,WAFER-DEPO-002,X-06_Y-08,-6,-8,0.83333,-126.87,edge,98.9292,51.4743,deposition_edge_ring+center_anomaly
LOT-DEP-EDGE,WAFER-DEPO-002,X-06_Y-07,-6,-7,0.7683,-130.601,middle,101.9259,49.9414,deposition_edge_ring+center_anomaly
LOT-DEP-EDGE,WAFER-DEPO-002,X-06_Y-06,-6,-6,0.70711,-135.0,middle,103.0697,49.0269,deposition_edge_ring+center_anomaly
LOT-DEP-EDGE,WAFER-DEPO-002,X-06_Y-05,-6,-5,0.65085,-140.194,middle,103.0844,48.9733,deposition_edge_ring+center_anomaly
LOT-DEP-EDGE,WAFER-DEPO-002,X-06_Y-04,-6,-4,0.60093,-146.31,middle,103.6424,49.07,deposition_edge_ring+center_anomaly
LOT-DEP-EDGE,WAFER-DEPO-002,X-06_Y-03,-6,-3,0.55902,-153.435,middle,104.1028,49.1093,deposition_edge_ring+center_anomaly
LOT-DEP-EDGE,WAFER-DEPO-002,X-06_Y-02,-6,-2,0.52705,-161.565,middle,104.116,48.9117,deposition_edge_ring+center_anomaly
LOT-DEP-EDGE,WAFER-DEPO-002,X-06_Y-01,-6,-1,0.5069,-170.538,middle,103.5261,49.1188,deposition_edge_ring+center_anomaly
LOT-DEP-EDGE,WAFER-DEPO-002,X-06_Y+00,-6,0,0.5,180.0,middle,104.2751,49.1478,deposition_edge_ring+center_anomaly
LOT-DEP-EDGE,WAFER-DEPO-002,X-06_Y+01,-6,1,0.5069,170.538,middle,103.9944,48.8858,deposition_edge_ring+center_anomaly
LOT-DEP-EDGE,WAFER-DEPO-002,X-06_Y+02,-6,2,0.52705,161.565,middle,103.4308,49.3505,deposition_edge_ring+center_anomaly
LOT-DEP-EDGE,WAFER-DEPO-002,X-06_Y+03,-6,3,0.55902,153.435,middle,103.5495,48.9514,deposition_edge_ring+center_anomaly
LOT-DEP-EDGE,WAFER-DEPO-002,X-06_Y+04,-6,4,0.60093,146.31,middle,103.3339,48.8832,deposition_edge_ring+center_anomaly
LOT-DEP-EDGE,WAFER-DEPO-002,X-06_Y+05,-6,5,0.65085,140.194,middle,103.0418,49.2825,deposition_edge_ring+center_anomaly
LOT-DEP-EDGE,WAFER-DEPO-002,X-06_Y+06,-6,6,0.70711,135.0,middle,102.7088,49.2483,deposition_edge_ring+center_anomaly
LOT-DEP-EDGE,WAFER-DEPO-002,X-06_Y+07,-6,7,0.7683,130.601,middle,102.0746,49.5968,deposition_edge_ring+center_anomaly
LOT-DEP-EDGE,WAFER-DEPO-002,X-06_Y+08,-6,8,0.83333,126.87,edge,99.0176,51.3865,deposition_edge_ring+center_anomaly
LOT-DEP-EDGE,WAFER-DEPO-002,X-06_Y+09,-6,9,0.90139,123.69,edge,96.275,53.2381,deposition_edge_ring+center_anomaly
LOT-DEP-EDGE,WAFER-DEPO-002,X-06_Y+10,-6,10,0.97183,120.964,edge,99.3353,51.17,deposition_edge_ring+center_anomaly
LOT-DEP-EDGE,WAFER-DEPO-002,X-05_Y-10,-5,-10,0.93169,-116.565,edge,98.3533,52.518,deposition_edge_ring+center_anomaly
LOT-DEP-EDGE,WAFER-DEPO-002,X-05_Y-09,-5,-9,0.85797,-119.055,edge,98.0883,52.2393,deposition_edge_ring+center_anomaly
LOT-DEP-EDGE,WAFER-DEPO-002,X-05_Y-08,-5,-8,0.78617,-122.005,middle,101.0646,49.9187,deposition_edge_ring+center_anomaly
LOT-DEP-EDGE,WAFER-DEPO-002,X-05_Y-07,-5,-7,0.71686,-125.538,middle,103.4679,49.5207,deposition_edge_ring+center_anomaly
LOT-DEP-EDGE,WAFER-DEPO-002,X-05_Y-06,-5,-6,0.65085,-129.806,middle,103.419,49.0064,deposition_edge_ring+center_anomaly
LOT-DEP-EDGE,WAFER-DEPO-002,X-05_Y-05,-5,-5,0.58926,-135.0,middle,103.8789,48.9402,deposition_edge_ring+center_anomaly
LOT-DEP-EDGE,WAFER-DEPO-002,X-05_Y-04,-5,-4,0.53359,-141.34,middle,104.2418,49.0644,deposition_edge_ring+center_anomaly
LOT-DEP-EDGE,WAFER-DEPO-002,X-05_Y-03,-5,-3,0.48591,-149.036,middle,104.559,48.5718,deposition_edge_ring+center_anomaly
LOT-DEP-EDGE,WAFER-DEPO-002,X-05_Y-02,-5,-2,0.44876,-158.199,middle,104.7241,48.9276,deposition_edge_ring+center_anomaly
LOT-DEP-EDGE,WAFER-DEPO-002,X-05_Y-01,-5,-1,0.42492,-168.69,middle,105.0747,48.7826,deposition_edge_ring+center_anomaly
LOT-DEP-EDGE,WAFER-DEPO-002,X-05_Y+00,-5,0,0.41667,180.0,middle,104.9568,48.657,deposition_edge_ring+center_anomaly
LOT-DEP-EDGE,WAFER-DEPO-002,X-05_Y+01,-5,1,0.42492,168.69,middle,104.8025,49.0431,deposition_edge_ring+center_anomaly
LOT-DEP-EDGE,WAFER-DEPO-002,X-05_Y+02,-5,2,0.44876,158.199,middle,104.3486,48.9661,deposition_edge_ring+center_anomaly
LOT-DEP-EDGE,WAFER-DEPO-002,X-05_Y+03,-5,3,0.48591,149.036,middle,104.0956,48.911,deposition_edge_ring+center_anomaly
LOT-DEP-EDGE,WAFER-DEPO-002,X-05_Y+04,-5,4,0.53359,141.34,middle,104.0248,49.2848,deposition_edge_ring+center_anomaly
LOT-DEP-EDGE,WAFER-DEPO-002,X-05_Y+05,-5,5,0.58926,135.0,middle,103.4181,48.987,deposition_edge_ring+center_anomaly
LOT-DEP-EDGE,WAFER-DEPO-002,X-05_Y+06,-5,6,0.65085,129.806,middle,103.8407,48.8519,deposition_edge_ring+center_anomaly
LOT-DEP-EDGE,WAFER-DEPO-002,X-05_Y+07,-5,7,0.71686,125.538,middle,103.0319,48.939,deposition_edge_ring+center_anomaly
LOT-DEP-EDGE,WAFER-DEPO-002,X-05_Y+08,-5,8,0.78617,122.005,middle,101.4478,49.9477,deposition_edge_ring+center_anomaly
LOT-DEP-EDGE,WAFER-DEPO-002,X-05_Y+09,-5,9,0.85797,119.055,edge,97.9378,52.0129,deposition_edge_ring+center_anomaly
LOT-DEP-EDGE,WAFER-DEPO-002,X-05_Y+10,-5,10,0.93169,116.565,edge,97.3982,52.3904,deposition_edge_ring+center_anomaly
LOT-DEP-EDGE,WAFER-DEPO-002,X-04_Y-11,-4,-11,0.97539,-109.983,edge,99.8857,50.8958,deposition_edge_ring+center_anomaly
LOT-DEP-EDGE,WAFER-DEPO-002,X-04_Y-10,-4,-10,0.89753,-111.801,edge,97.7682,52.7202,deposition_edge_ring+center_anomaly
LOT-DEP-EDGE,WAFER-DEPO-002,X-04_Y-09,-4,-9,0.82074,-113.962,edge,100.4387,51.2209,deposition_edge_ring+center_anomaly
LOT-DEP-EDGE,WAFER-DEPO-002,X-04_Y-08,-4,-8,0.74536,-116.565,middle,103.5874,49.0841,deposition_edge_ring+center_anomaly
LOT-DEP-EDGE,WAFER-DEPO-002,X-04_Y-07,-4,-7,0.67185,-119.745,middle,103.8478,49.1945,deposition_edge_ring+center_anomaly
LOT-DEP-EDGE,WAFER-DEPO-002,X-04_Y-06,-4,-6,0.60093,-123.69,middle,103.8689,48.8093,deposition_edge_ring+center_anomaly
LOT-DEP-EDGE,WAFER-DEPO-002,X-04_Y-05,-4,-5,0.53359,-128.66,middle,104.0378,48.7564,deposition_edge_ring+center_anomaly
LOT-DEP-EDGE,WAFER-DEPO-002,X-04_Y-04,-4,-4,0.4714,-135.0,middle,104.6585,48.7126,deposition_edge_ring+center_anomaly
LOT-DEP-EDGE,WAFER-DEPO-002,X-04_Y-03,-4,-3,0.41667,-143.13,middle,104.7459,48.9175,deposition_edge_ring+center_anomaly
LOT-DEP-EDGE,WAFER-DEPO-002,X-04_Y-02,-4,-2,0.37268,-153.435,middle,106.1159,48.5842,deposition_edge_ring+center_anomaly
LOT-DEP-EDGE,WAFER-DEPO-002,X-04_Y-01,-4,-1,0.34359,-165.964,middle,105.8686,48.6477,deposition_edge_ring+center_anomaly
LOT-DEP-EDGE,WAFER-DEPO-002,X-04_Y+00,-4,0,0.33333,180.0,middle,106.3186,48.586,deposition_edge_ring+center_anomaly
LOT-DEP-EDGE,WAFER-DEPO-002,X-04_Y+01,-4,1,0.34359,165.964,middle,106.1014,48.2284,deposition_edge_ring+center_anomaly
LOT-DEP-EDGE,WAFER-DEPO-002,X-04_Y+02,-4,2,0.37268,153.435,middle,105.8691,48.69,deposition_edge_ring+center_anomaly
LOT-DEP-EDGE,WAFER-DEPO-002,X-04_Y+03,-4,3,0.41667,143.13,middle,104.7199,48.7246,deposition_edge_ring+center_anomaly
LOT-DEP-EDGE,WAFER-DEPO-002,X-04_Y+04,-4,4,0.4714,135.0,middle,104.7442,49.0077,deposition_edge_ring+center_anomaly
LOT-DEP-EDGE,WAFER-DEPO-002,X-04_Y+05,-4,5,0.53359,128.66,middle,103.1661,49.0852,deposition_edge_ring+center_anomaly
LOT-DEP-EDGE,WAFER-DEPO-002,X-04_Y+06,-4,6,0.60093,123.69,middle,103.5601,49.0411,deposition_edge_ring+center_anomaly
LOT-DEP-EDGE,WAFER-DEPO-002,X-04_Y+07,-4,7,0.67185,119.745,middle,103.0282,49.0868,deposition_edge_ring+center_anomaly
LOT-DEP-EDGE,WAFER-DEPO-002,X-04_Y+08,-4,8,0.74536,116.565,middle,102.3667,49.3436,deposition_edge_ring+center_anomaly
LOT-DEP-EDGE,WAFER-DEPO-002,X-04_Y+09,-4,9,0.82074,113.962,edge,99.854,51.1049,deposition_edge_ring+center_anomaly
LOT-DEP-EDGE,WAFER-DEPO-002,X-04_Y+10,-4,10,0.89753,111.801,edge,96.397,53.0927,deposition_edge_ring+center_anomaly
LOT-DEP-EDGE,WAFER-DEPO-002,X-04_Y+11,-4,11,0.97539,109.983,edge,99.714,51.009,deposition_edge_ring+center_anomaly
LOT-DEP-EDGE,WAFER-DEPO-002,X-03_Y-11,-3,-11,0.95015,-105.255,edge,98.7027,51.815,deposition_edge_ring+center_anomaly
LOT-DEP-EDGE,WAFER-DEPO-002,X-03_Y-10,-3,-10,0.87003,-106.699,edge,98.328,52.4625,deposition_edge_ring+center_anomaly
LOT-DEP-EDGE,WAFER-DEPO-002,X-03_Y-09,-3,-9,0.79057,-108.435,middle,101.7701,50.076,deposition_edge_ring+center_anomaly
LOT-DEP-EDGE,WAFER-DEPO-002,X-03_Y-08,-3,-8,0.712,-110.556,middle,103.1007,48.9032,deposition_edge_ring+center_anomaly
LOT-DEP-EDGE,WAFER-DEPO-002,X-03_Y-07,-3,-7,0.63465,-113.199,middle,103.8931,49.2281,deposition_edge_ring+center_anomaly
LOT-DEP-EDGE,WAFER-DEPO-002,X-03_Y-06,-3,-6,0.55902,-116.565,middle,103.8892,48.7976,deposition_edge_ring+center_anomaly
LOT-DEP-EDGE,WAFER-DEPO-002,X-03_Y-05,-3,-5,0.48591,-120.964,middle,104.698,48.9706,deposition_edge_ring+center_anomaly
LOT-DEP-EDGE,WAFER-DEPO-002,X-03_Y-04,-3,-4,0.41667,-126.87,middle,105.3887,48.852,deposition_edge_ring+center_anomaly
LOT-DEP-EDGE,WAFER-DEPO-002,X-03_Y-03,-3,-3,0.35355,-135.0,middle,106.2223,48.5335,deposition_edge_ring+center_anomaly
LOT-DEP-EDGE,WAFER-DEPO-002,X-03_Y-02,-3,-2,0.30046,-146.31,middle,106.7238,48.7149,deposition_edge_ring+center_anomaly
LOT-DEP-EDGE,WAFER-DEPO-002,X-03_Y-01,-3,-1,0.26352,-161.565,middle,107.9278,48.3614,deposition_edge_ring+center_anomaly
LOT-DEP-EDGE,WAFER-DEPO-002,X-03_Y+00,-3,0,0.25,180.0,center,107.7928,48.4955,deposition_edge_ring+center_anomaly
LOT-DEP-EDGE,WAFER-DEPO-002,X-03_Y+01,-3,1,0.26352,161.565,middle,107.4519,48.6336,deposition_edge_ring+center_anomaly
LOT-DEP-EDGE,WAFER-DEPO-002,X-03_Y+02,-3,2,0.30046,146.31,middle,106.4271,48.7864,deposition_edge_ring+center_anomaly
LOT-DEP-EDGE,WAFER-DEPO-002,X-03_Y+03,-3,3,0.35355,135.0,middle,105.9765,48.5865,deposition_edge_ring+center_anomaly
LOT-DEP-EDGE,WAFER-DEPO-002,X-03_Y+04,-3,4,0.41667,126.87,middle,105.3343,48.7134,deposition_edge_ring+center_anomaly
LOT-DEP-EDGE,WAFER-DEPO-002,X-03_Y+05,-3,5,0.48591,120.964,middle,104.3378,48.8378,deposition_edge_ring+center_anomaly
LOT-DEP-EDGE,WAFER-DEPO-002,X-03_Y+06,-3,6,0.55902,116.565,middle,103.886,48.9332,deposition_edge_ring+center_anomaly
LOT-DEP-EDGE,WAFER-DEPO-002,X-03_Y+07,-3,7,0.63465,113.199,middle,103.126,48.9519,deposition_edge_ring+center_anomaly
LOT-DEP-EDGE,WAFER-DEPO-002,X-03_Y+08,-3,8,0.712,110.556,middle,102.6971,49.2843,deposition_edge_ring+center_anomaly
LOT-DEP-EDGE,WAFER-DEPO-002,X-03_Y+09,-3,9,0.79057,108.435,middle,101.6257,50.1242,deposition_edge_ring+center_anomaly
LOT-DEP-EDGE,WAFER-DEPO-002,X-03_Y+10,-3,10,0.87003,106.699,edge,97.1907,52.3753,deposition_edge_ring+center_anomaly
LOT-DEP-EDGE,WAFER-DEPO-002,X-03_Y+11,-3,11,0.95015,105.255,edge,97.9519,51.9776,deposition_edge_ring+center_anomaly
LOT-DEP-EDGE,WAFER-DEPO-002,X-02_Y-11,-2,-11,0.93169,-100.305,edge,98.1096,52.5563,deposition_edge_ring+center_anomaly
LOT-DEP-EDGE,WAFER-DEPO-002,X-02_Y-10,-2,-10,0.84984,-101.31,edge,99.4454,51.9002,deposition_edge_ring+center_anomaly
LOT-DEP-EDGE,WAFER-DEPO-002,X-02_Y-09,-2,-9,0.7683,-102.529,middle,102.3187,49.7736,deposition_edge_ring+center_anomaly
LOT-DEP-EDGE,WAFER-DEPO-002,X-02_Y-08,-2,-8,0.68718,-104.036,middle,103.7295,48.7491,deposition_edge_ring+center_anomaly
LOT-DEP-EDGE,WAFER-DEPO-002,X-02_Y-07,-2,-7,0.60668,-105.945,middle,103.8212,48.9209,deposition_edge_ring+center_anomaly
LOT-DEP-EDGE,WAFER-DEPO-002,X-02_Y-06,-2,-6,0.52705,-108.435,middle,104.3098,49.0864,deposition_edge_ring+center_anomaly
LOT-DEP-EDGE,WAFER-DEPO-002,X-02_Y-05,-2,-5,0.44876,-111.801,middle,104.6417,48.675,deposition_edge_ring+center_anomaly
LOT-DEP-EDGE,WAFER-DEPO-002,X-02_Y-04,-2,-4,0.37268,-116.565,middle,105.8715,48.8888,deposition_edge_ring+center_anomaly
LOT-DEP-EDGE,WAFER-DEPO-002,X-02_Y-03,-2,-3,0.30046,-123.69,middle,106.6833,48.6983,deposition_edge_ring+center_anomaly
LOT-DEP-EDGE,WAFER-DEPO-002,X-02_Y-02,-2,-2,0.2357,-135.0,center,108.2209,48.456,deposition_edge_ring+center_anomaly
LOT-DEP-EDGE,WAFER-DEPO-002,X-02_Y-01,-2,-1,0.18634,-153.435,center,108.8892,48.4182,deposition_edge_ring+center_anomaly
LOT-DEP-EDGE,WAFER-DEPO-002,X-02_Y+00,-2,0,0.16667,180.0,center,109.9111,48.0978,deposition_edge_ring+center_anomaly
LOT-DEP-EDGE,WAFER-DEPO-002,X-02_Y+01,-2,1,0.18634,153.435,center,109.4208,48.4098,deposition_edge_ring+center_anomaly
LOT-DEP-EDGE,WAFER-DEPO-002,X-02_Y+02,-2,2,0.2357,135.0,center,108.6126,48.4592,deposition_edge_ring+center_anomaly
LOT-DEP-EDGE,WAFER-DEPO-002,X-02_Y+03,-2,3,0.30046,123.69,middle,106.3415,48.691,deposition_edge_ring+center_anomaly
LOT-DEP-EDGE,WAFER-DEPO-002,X-02_Y+04,-2,4,0.37268,116.565,middle,106.2642,48.622,deposition_edge_ring+center_anomaly
LOT-DEP-EDGE,WAFER-DEPO-002,X-02_Y+05,-2,5,0.44876,111.801,middle,104.4335,48.9626,deposition_edge_ring+center_anomaly
LOT-DEP-EDGE,WAFER-DEPO-002,X-02_Y+06,-2,6,0.52705,108.435,middle,103.5292,48.976,deposition_edge_ring+center_anomaly
LOT-DEP-EDGE,WAFER-DEPO-002,X-02_Y+07,-2,7,0.60668,105.945,middle,103.7699,48.9907,deposition_edge_ring+center_anomaly
LOT-DEP-EDGE,WAFER-DEPO-002,X-02_Y+08,-2,8,0.68718,104.036,middle,103.77,49.0444,deposition_edge_ring+center_anomaly
LOT-DEP-EDGE,WAFER-DEPO-002,X-02_Y+09,-2,9,0.7683,102.529,middle,102.1691,49.8404,deposition_edge_ring+center_anomaly
LOT-DEP-EDGE,WAFER-DEPO-002,X-02_Y+10,-2,10,0.84984,101.31,edge,98.5168,52.1359,deposition_edge_ring+center_anomaly
LOT-DEP-EDGE,WAFER-DEPO-002,X-02_Y+11,-2,11,0.93169,100.305,edge,97.7556,52.8295,deposition_edge_ring+center_anomaly
LOT-DEP-EDGE,WAFER-DEPO-002,X-01_Y-11,-1,-11,0.92045,-95.194,edge,97.5586,52.7507,deposition_edge_ring+center_anomaly
LOT-DEP-EDGE,WAFER-DEPO-002,X-01_Y-10,-1,-10,0.83749,-95.711,edge,99.3957,51.2862,deposition_edge_ring+center_anomaly
LOT-DEP-EDGE,WAFER-DEPO-002,X-01_Y-09,-1,-9,0.75462,-96.34,middle,102.9803,49.7125,deposition_edge_ring+center_anomaly
LOT-DEP-EDGE,WAFER-DEPO-002,X-01_Y-08,-1,-8,0.67185,-97.125,middle,103.2933,49.0813,deposition_edge_ring+center_anomaly
LOT-DEP-EDGE,WAFER-DEPO-002,X-01_Y-07,-1,-7,0.58926,-98.13,middle,104.2107,48.7118,deposition_edge_ring+center_anomaly
LOT-DEP-EDGE,WAFER-DEPO-002,X-01_Y-06,-1,-6,0.5069,-99.462,middle,104.3635,49.1727,deposition_edge_ring+center_anomaly
LOT-DEP-EDGE,WAFER-DEPO-002,X-01_Y-05,-1,-5,0.42492,-101.31,middle,105.3709,48.4695,deposition_edge_ring+center_anomaly
LOT-DEP-EDGE,WAFER-DEPO-002,X-01_Y-04,-1,-4,0.34359,-104.036,middle,106.1846,48.7631,deposition_edge_ring+center_anomaly
LOT-DEP-EDGE,WAFER-DEPO-002,X-01_Y-03,-1,-3,0.26352,-108.435,middle,107.5115,48.5234,deposition_edge_ring+center_anomaly
LOT-DEP-EDGE,WAFER-DEPO-002,X-01_Y-02,-1,-2,0.18634,-116.565,center,109.0768,48.1812,deposition_edge_ring+center_anomaly
LOT-DEP-EDGE,WAFER-DEPO-002,X-01_Y-01,-1,-1,0.11785,-135.0,center,110.2901,48.2383,deposition_edge_ring+center_anomaly
LOT-DEP-EDGE,WAFER-DEPO-002,X-01_Y+00,-1,0,0.08333,180.0,center,110.6648,48.1421,deposition_edge_ring+center_anomaly
LOT-DEP-EDGE,WAFER-DEPO-002,X-01_Y+01,-1,1,0.11785,135.0,center,109.9112,48.2753,deposition_edge_ring+center_anomaly
LOT-DEP-EDGE,WAFER-DEPO-002,X-01_Y+02,-1,2,0.18634,116.565,center,109.0079,48.6239,deposition_edge_ring+center_anomaly
LOT-DEP-EDGE,WAFER-DEPO-002,X-01_Y+03,-1,3,0.26352,108.435,middle,107.5434,48.517,deposition_edge_ring+center_anomaly
LOT-DEP-EDGE,WAFER-DEPO-002,X-01_Y+04,-1,4,0.34359,104.036,middle,105.9987,48.8504,deposition_edge_ring+center_anomaly
LOT-DEP-EDGE,WAFER-DEPO-002,X-01_Y+05,-1,5,0.42492,101.31,middle,105.0175,48.8952,deposition_edge_ring+center_anomaly
LOT-DEP-EDGE,WAFER-DEPO-002,X-01_Y+06,-1,6,0.5069,99.462,middle,104.06,48.9857,deposition_edge_ring+center_anomaly
LOT-DEP-EDGE,WAFER-DEPO-002,X-01_Y+07,-1,7,0.58926,98.13,middle,103.0137,49.0722,deposition_edge_ring+center_anomaly
LOT-DEP-EDGE,WAFER-DEPO-002,X-01_Y+08,-1,8,0.67185,97.125,middle,102.7916,48.8122,deposition_edge_ring+center_anomaly
LOT-DEP-EDGE,WAFER-DEPO-002,X-01_Y+09,-1,9,0.75462,96.34,middle,102.2809,49.723,deposition_edge_ring+center_anomaly
LOT-DEP-EDGE,WAFER-DEPO-002,X-01_Y+10,-1,10,0.83749,95.711,edge,99.1642,51.5755,deposition_edge_ring+center_anomaly
LOT-DEP-EDGE,WAFER-DEPO-002,X-01_Y+11,-1,11,0.92045,95.194,edge,97.3693,52.7153,deposition_edge_ring+center_anomaly
LOT-DEP-EDGE,WAFER-DEPO-002,X+00_Y-12,0,-12,1.0,-90.0,edge,102.1745,50.1306,deposition_edge_ring+center_anomaly
LOT-DEP-EDGE,WAFER-DEPO-002,X+00_Y-11,0,-11,0.91667,-90.0,edge,97.3194,52.8281,deposition_edge_ring+center_anomaly
LOT-DEP-EDGE,WAFER-DEPO-002,X+00_Y-10,0,-10,0.83333,-90.0,edge,99.8098,51.2939,deposition_edge_ring+center_anomaly
LOT-DEP-EDGE,WAFER-DEPO-002,X+00_Y-09,0,-9,0.75,-90.0,middle,103.1246,49.524,deposition_edge_ring+center_anomaly
LOT-DEP-EDGE,WAFER-DEPO-002,X+00_Y-08,0,-8,0.66667,-90.0,middle,103.8714,48.6702,deposition_edge_ring+center_anomaly
LOT-DEP-EDGE,WAFER-DEPO-002,X+00_Y-07,0,-7,0.58333,-90.0,middle,104.0187,49.1748,deposition_edge_ring+center_anomaly
LOT-DEP-EDGE,WAFER-DEPO-002,X+00_Y-06,0,-6,0.5,-90.0,middle,104.9341,49.0792,deposition_edge_ring+center_anomaly
LOT-DEP-EDGE,WAFER-DEPO-002,X+00_Y-05,0,-5,0.41667,-90.0,middle,105.3326,48.4713,deposition_edge_ring+center_anomaly
LOT-DEP-EDGE,WAFER-DEPO-002,X+00_Y-04,0,-4,0.33333,-90.0,middle,107.0435,48.7569,deposition_edge_ring+center_anomaly
LOT-DEP-EDGE,WAFER-DEPO-002,X+00_Y-03,0,-3,0.25,-90.0,center,107.3632,48.2359,deposition_edge_ring+center_anomaly
LOT-DEP-EDGE,WAFER-DEPO-002,X+00_Y-02,0,-2,0.16667,-90.0,center,109.7398,48.092,deposition_edge_ring+center_anomaly
LOT-DEP-EDGE,WAFER-DEPO-002,X+00_Y-01,0,-1,0.08333,-90.0,center,111.5382,48.2112,deposition_edge_ring+center_anomaly
LOT-DEP-EDGE,WAFER-DEPO-002,X+00_Y+00,0,0,0.0,0.0,center,111.2935,47.9099,deposition_edge_ring+center_anomaly
LOT-DEP-EDGE,WAFER-DEPO-002,X+00_Y+01,0,1,0.08333,90.0,center,111.3969,48.0318,deposition_edge_ring+center_anomaly
LOT-DEP-EDGE,WAFER-DEPO-002,X+00_Y+02,0,2,0.16667,90.0,center,109.7398,48.1672,deposition_edge_ring+center_anomaly
LOT-DEP-EDGE,WAFER-DEPO-002,X+00_Y+03,0,3,0.25,90.0,center,107.6098,48.4523,deposition_edge_ring+center_anomaly
LOT-DEP-EDGE,WAFER-DEPO-002,X+00_Y+04,0,4,0.33333,90.0,middle,106.445,48.7335,deposition_edge_ring+center_anomaly
LOT-DEP-EDGE,WAFER-DEPO-002,X+00_Y+05,0,5,0.41667,90.0,middle,105.6912,48.756,deposition_edge_ring+center_anomaly
LOT-DEP-EDGE,WAFER-DEPO-002,X+00_Y+06,0,6,0.5,90.0,middle,104.209,48.799,deposition_edge_ring+center_anomaly
LOT-DEP-EDGE,WAFER-DEPO-002,X+00_Y+07,0,7,0.58333,90.0,middle,103.0588,48.8682,deposition_edge_ring+center_anomaly
LOT-DEP-EDGE,WAFER-DEPO-002,X+00_Y+08,0,8,0.66667,90.0,middle,103.2817,49.0389,deposition_edge_ring+center_anomaly
LOT-DEP-EDGE,WAFER-DEPO-002,X+00_Y+09,0,9,0.75,90.0,middle,102.565,49.2176,deposition_edge_ring+center_anomaly
LOT-DEP-EDGE,WAFER-DEPO-002,X+00_Y+10,0,10,0.83333,90.0,edge,99.5447,51.4256,deposition_edge_ring+center_anomaly
LOT-DEP-EDGE,WAFER-DEPO-002,X+00_Y+11,0,11,0.91667,90.0,edge,97.2121,52.2949,deposition_edge_ring+center_anomaly
LOT-DEP-EDGE,WAFER-DEPO-002,X+00_Y+12,0,12,1.0,90.0,edge,100.7878,50.4851,deposition_edge_ring+center_anomaly
LOT-DEP-EDGE,WAFER-DEPO-002,X+01_Y-11,1,-11,0.92045,-84.806,edge,98.1358,52.3974,deposition_edge_ring+center_anomaly
LOT-DEP-EDGE,WAFER-DEPO-002,X+01_Y-10,1,-10,0.83749,-84.289,edge,99.2371,51.8059,deposition_edge_ring+center_anomaly
LOT-DEP-EDGE,WAFER-DEPO-002,X+01_Y-09,1,-9,0.75462,-83.66,middle,103.1585,49.4059,deposition_edge_ring+center_anomaly
LOT-DEP-EDGE,WAFER-DEPO-002,X+01_Y-08,1,-8,0.67185,-82.875,middle,103.8885,48.955,deposition_edge_ring+center_anomaly
LOT-DEP-EDGE,WAFER-DEPO-002,X+01_Y-07,1,-7,0.58926,-81.87,middle,103.8773,48.9867,deposition_edge_ring+center_anomaly
LOT-DEP-EDGE,WAFER-DEPO-002,X+01_Y-06,1,-6,0.5069,-80.538,middle,104.2806,48.8798,deposition_edge_ring+center_anomaly
LOT-DEP-EDGE,WAFER-DEPO-002,X+01_Y-05,1,-5,0.42492,-78.69,middle,105.5467,48.3853,deposition_edge_ring+center_anomaly
LOT-DEP-EDGE,WAFER-DEPO-002,X+01_Y-04,1,-4,0.34359,-75.964,middle,107.1087,48.4645,deposition_edge_ring+center_anomaly
LOT-DEP-EDGE,WAFER-DEPO-002,X+01_Y-03,1,-3,0.26352,-71.565,middle,107.7754,48.5914,deposition_edge_ring+center_anomaly
LOT-DEP-EDGE,WAFER-DEPO-002,X+01_Y-02,1,-2,0.18634,-63.435,center,109.5041,48.2487,deposition_edge_ring+center_anomaly
LOT-DEP-EDGE,WAFER-DEPO-002,X+01_Y-01,1,-1,0.11785,-45.0,center,110.1571,48.0838,deposition_edge_ring+center_anomaly
LOT-DEP-EDGE,WAFER-DEPO-002,X+01_Y+00,1,0,0.08333,0.0,center,111.2147,48.0682,deposition_edge_ring+center_anomaly
LOT-DEP-EDGE,WAFER-DEPO-002,X+01_Y+01,1,1,0.11785,45.0,center,110.7492,48.069,deposition_edge_ring+center_anomaly
LOT-DEP-EDGE,WAFER-DEPO-002,X+01_Y+02,1,2,0.18634,63.435,center,109.5558,48.4335,deposition_edge_ring+center_anomaly
LOT-DEP-EDGE,WAFER-DEPO-002,X+01_Y+03,1,3,0.26352,71.565,middle,108.1725,48.5704,deposition_edge_ring+center_anomaly
LOT-DEP-EDGE,WAFER-DEPO-002,X+01_Y+04,1,4,0.34359,75.964,middle,106.1805,49.0,deposition_edge_ring+center_anomaly
LOT-DEP-EDGE,WAFER-DEPO-002,X+01_Y+05,1,5,0.42492,78.69,middle,104.2533,48.9648,deposition_edge_ring+center_anomaly
LOT-DEP-EDGE,WAFER-DEPO-002,X+01_Y+06,1,6,0.5069,80.538,middle,104.2167,48.6942,deposition_edge_ring+center_anomaly
LOT-DEP-EDGE,WAFER-DEPO-002,X+01_Y+07,1,7,0.58926,81.87,middle,103.4132,49.1347,deposition_edge_ring+center_anomaly
LOT-DEP-EDGE,WAFER-DEPO-002,X+01_Y+08,1,8,0.67185,82.875,middle,103.3625,48.7181,deposition_edge_ring+center_anomaly
LOT-DEP-EDGE,WAFER-DEPO-002,X+01_Y+09,1,9,0.75462,83.66,middle,103.0142,49.1323,deposition_edge_ring+center_anomaly
LOT-DEP-EDGE,WAFER-DEPO-002,X+01_Y+10,1,10,0.83749,84.289,edge,99.4347,51.5396,deposition_edge_ring+center_anomaly
LOT-DEP-EDGE,WAFER-DEPO-002,X+01_Y+11,1,11,0.92045,84.806,edge,97.7061,52.7427,deposition_edge_ring+center_anomaly
LOT-DEP-EDGE,WAFER-DEPO-002,X+02_Y-11,2,-11,0.93169,-79.695,edge,98.2597,52.6866,deposition_edge_ring+center_anomaly
LOT-DEP-EDGE,WAFER-DEPO-002,X+02_Y-10,2,-10,0.84984,-78.69,edge,99.325,51.6675,deposition_edge_ring+center_anomaly
LOT-DEP-EDGE,WAFER-DEPO-002,X+02_Y-09,2,-9,0.7683,-77.471,middle,103.178,49.6522,deposition_edge_ring+center_anomaly
LOT-DEP-EDGE,WAFER-DEPO-002,X+02_Y-08,2,-8,0.68718,-75.964,middle,103.7483,48.7605,deposition_edge_ring+center_anomaly
LOT-DEP-EDGE,WAFER-DEPO-002,X+02_Y-07,2,-7,0.60668,-74.055,middle,104.2188,48.8074,deposition_edge_ring+center_anomaly
LOT-DEP-EDGE,WAFER-DEPO-002,X+02_Y-06,2,-6,0.52705,-71.565,middle,103.6226,49.1006,deposition_edge_ring+center_anomaly
LOT-DEP-EDGE,WAFER-DEPO-002,X+02_Y-05,2,-5,0.44876,-68.199,middle,104.9146,48.9337,deposition_edge_ring+center_anomaly
LOT-DEP-EDGE,WAFER-DEPO-002,X+02_Y-04,2,-4,0.37268,-63.435,middle,105.889,48.8168,deposition_edge_ring+center_anomaly
LOT-DEP-EDGE,WAFER-DEPO-002,X+02_Y-03,2,-3,0.30046,-56.31,middle,106.6671,48.6643,deposition_edge_ring+center_anomaly
LOT-DEP-EDGE,WAFER-DEPO-002,X+02_Y-02,2,-2,0.2357,-45.0,center,109.0447,48.3307,deposition_edge_ring+center_anomaly
LOT-DEP-EDGE,WAFER-DEPO-002,X+02_Y-01,2,-1,0.18634,-26.565,center,108.9338,48.192,deposition_edge_ring+center_anomaly
LOT-DEP-EDGE,WAFER-DEPO-002,X+02_Y+00,2,0,0.16667,0.0,center,109.9584,48.3861,deposition_edge_ring+center_anomaly
LOT-DEP-EDGE,WAFER-DEPO-002,X+02_Y+01,2,1,0.18634,26.565,center,108.9714,48.1373,deposition_edge_ring+center_anomaly
LOT-DEP-EDGE,WAFER-DEPO-002,X+02_Y+02,2,2,0.2357,45.0,center,108.4054,48.6204,deposition_edge_ring+center_anomaly
LOT-DEP-EDGE,WAFER-DEPO-002,X+02_Y+03,2,3,0.30046,56.31,middle,107.3345,48.5571,deposition_edge_ring+center_anomaly
LOT-DEP-EDGE,WAFER-DEPO-002,X+02_Y+04,2,4,0.37268,63.435,middle,105.6982,48.7383,deposition_edge_ring+center_anomaly
LOT-DEP-EDGE,WAFER-DEPO-002,X+02_Y+05,2,5,0.44876,68.199,middle,105.1936,48.7224,deposition_edge_ring+center_anomaly
LOT-DEP-EDGE,WAFER-DEPO-002,X+02_Y+06,2,6,0.52705,71.565,middle,103.864,48.9135,deposition_edge_ring+center_anomaly
LOT-DEP-EDGE,WAFER-DEPO-002,X+02_Y+07,2,7,0.60668,74.055,middle,103.6083,49.1205,deposition_edge_ring+center_anomaly
LOT-DEP-EDGE,WAFER-DEPO-002,X+02_Y+08,2,8,0.68718,75.964,middle,103.6544,48.8423,deposition_edge_ring+center_anomaly
LOT-DEP-EDGE,WAFER-DEPO-002,X+02_Y+09,2,9,0.7683,77.471,middle,101.8644,49.5501,deposition_edge_ring+center_anomaly
LOT-DEP-EDGE,WAFER-DEPO-002,X+02_Y+10,2,10,0.84984,78.69,edge,98.2077,52.1505,deposition_edge_ring+center_anomaly
LOT-DEP-EDGE,WAFER-DEPO-002,X+02_Y+11,2,11,0.93169,79.695,edge,97.516,52.7507,deposition_edge_ring+center_anomaly
LOT-DEP-EDGE,WAFER-DEPO-002,X+03_Y-11,3,-11,0.95015,-74.745,edge,99.2361,51.6568,deposition_edge_ring+center_anomaly
LOT-DEP-EDGE,WAFER-DEPO-002,X+03_Y-10,3,-10,0.87003,-73.301,edge,98.9073,52.425,deposition_edge_ring+center_anomaly
LOT-DEP-EDGE,WAFER-DEPO-002,X+03_Y-09,3,-9,0.79057,-71.565,middle,101.9789,50.2232,deposition_edge_ring+center_anomaly
LOT-DEP-EDGE,WAFER-DEPO-002,X+03_Y-08,3,-8,0.712,-69.444,middle,103.0748,49.3864,deposition_edge_ring+center_anomaly
LOT-DEP-EDGE,WAFER-DEPO-002,X+03_Y-07,3,-7,0.63465,-66.801,middle,104.2917,48.8563,deposition_edge_ring+center_anomaly
LOT-DEP-EDGE,WAFER-DEPO-002,X+03_Y-06,3,-6,0.55902,-63.435,middle,104.5445,48.705,deposition_edge_ring+center_anomaly
LOT-DEP-EDGE,WAFER-DEPO-002,X+03_Y-05,3,-5,0.48591,-59.036,middle,103.8488,48.9274,deposition_edge_ring+center_anomaly
LOT-DEP-EDGE,WAFER-DEPO-002,X+03_Y-04,3,-4,0.41667,-53.13,middle,105.6856,48.7512,deposition_edge_ring+center_anomaly
LOT-DEP-EDGE,WAFER-DEPO-002,X+03_Y-03,3,-3,0.35355,-45.0,middle,106.054,48.639,deposition_edge_ring+center_anomaly
LOT-DEP-EDGE,WAFER-DEPO-002,X+03_Y-02,3,-2,0.30046,-33.69,middle,106.7717,48.6294,deposition_edge_ring+center_anomaly
LOT-DEP-EDGE,WAFER-DEPO-002,X+03_Y-01,3,-1,0.26352,-18.435,middle,108.2825,48.0628,deposition_edge_ring+center_anomaly
LOT-DEP-EDGE,WAFER-DEPO-002,X+03_Y+00,3,0,0.25,0.0,center,108.6812,48.4524,deposition_edge_ring+center_anomaly
LOT-DEP-EDGE,WAFER-DEPO-002,X+03_Y+01,3,1,0.26352,18.435,middle,107.6631,48.4355,deposition_edge_ring+center_anomaly
LOT-DEP-EDGE,WAFER-DEPO-002,X+03_Y+02,3,2,0.30046,33.69,middle,106.9469,48.6445,deposition_edge_ring+center_anomaly
LOT-DEP-EDGE,WAFER-DEPO-002,X+03_Y+03,3,3,0.35355,45.0,middle,106.6987,48.4519,deposition_edge_ring+center_anomaly
LOT-DEP-EDGE,WAFER-DEPO-002,X+03_Y+04,3,4,0.41667,53.13,middle,104.6991,48.7922,deposition_edge_ring+center_anomaly
LOT-DEP-EDGE,WAFER-DEPO-002,X+03_Y+05,3,5,0.48591,59.036,middle,104.7387,49.1376,deposition_edge_ring+center_anomaly
LOT-DEP-EDGE,WAFER-DEPO-002,X+03_Y+06,3,6,0.55902,63.435,middle,103.8791,48.9436,deposition_edge_ring+center_anomaly
LOT-DEP-EDGE,WAFER-DEPO-002,X+03_Y+07,3,7,0.63465,66.801,middle,103.1883,49.3242,deposition_edge_ring+center_anomaly
LOT-DEP-EDGE,WAFER-DEPO-002,X+03_Y+08,3,8,0.712,69.444,middle,103.3497,49.2766,deposition_edge_ring+center_anomaly
LOT-DEP-EDGE,WAFER-DEPO-002,X+03_Y+09,3,9,0.79057,71.565,middle,101.4676,50.0099,deposition_edge_ring+center_anomaly
LOT-DEP-EDGE,WAFER-DEPO-002,X+03_Y+10,3,10,0.87003,73.301,edge,97.5584,52.5307,deposition_edge_ring+center_anomaly
LOT-DEP-EDGE,WAFER-DEPO-002,X+03_Y+11,3,11,0.95015,74.745,edge,98.8393,52.1776,deposition_edge_ring+center_anomaly
LOT-DEP-EDGE,WAFER-DEPO-002,X+04_Y-11,4,-11,0.97539,-70.017,edge,100.7472,50.9352,deposition_edge_ring+center_anomaly
LOT-DEP-EDGE,WAFER-DEPO-002,X+04_Y-10,4,-10,0.89753,-68.199,edge,97.901,52.8343,deposition_edge_ring+center_anomaly
LOT-DEP-EDGE,WAFER-DEPO-002,X+04_Y-09,4,-9,0.82074,-66.038,edge,100.984,50.971,deposition_edge_ring+center_anomaly
LOT-DEP-EDGE,WAFER-DEPO-002,X+04_Y-08,4,-8,0.74536,-63.435,middle,103.511,49.1984,deposition_edge_ring+center_anomaly
LOT-DEP-EDGE,WAFER-DEPO-002,X+04_Y-07,4,-7,0.67185,-60.255,middle,103.9915,48.9253,deposition_edge_ring+center_anomaly
LOT-DEP-EDGE,WAFER-DEPO-002,X+04_Y-06,4,-6,0.60093,-56.31,middle,103.9088,48.8903,deposition_edge_ring+center_anomaly
LOT-DEP-EDGE,WAFER-DEPO-002,X+04_Y-05,4,-5,0.53359,-51.34,middle,104.4173,49.003,deposition_edge_ring+center_anomaly
LOT-DEP-EDGE,WAFER-DEPO-002,X+04_Y-04,4,-4,0.4714,-45.0,middle,104.855,48.595,deposition_edge_ring+center_anomaly
LOT-DEP-EDGE,WAFER-DEPO-002,X+04_Y-03,4,-3,0.41667,-36.87,middle,105.595,48.7124,deposition_edge_ring+center_anomaly
LOT-DEP-EDGE,WAFER-DEPO-002,X+04_Y-02,4,-2,0.37268,-26.565,middle,106.3625,48.5539,deposition_edge_ring+center_anomaly
LOT-DEP-EDGE,WAFER-DEPO-002,X+04_Y-01,4,-1,0.34359,-14.036,middle,106.5849,48.738,deposition_edge_ring+center_anomaly
LOT-DEP-EDGE,WAFER-DEPO-002,X+04_Y+00,4,0,0.33333,0.0,middle,107.1364,48.5955,deposition_edge_ring+center_anomaly
LOT-DEP-EDGE,WAFER-DEPO-002,X+04_Y+01,4,1,0.34359,14.036,middle,106.4555,48.6814,deposition_edge_ring+center_anomaly
LOT-DEP-EDGE,WAFER-DEPO-002,X+04_Y+02,4,2,0.37268,26.565,middle,106.3381,48.434,deposition_edge_ring+center_anomaly
LOT-DEP-EDGE,WAFER-DEPO-002,X+04_Y+03,4,3,0.41667,36.87,middle,105.0134,48.8966,deposition_edge_ring+center_anomaly
LOT-DEP-EDGE,WAFER-DEPO-002,X+04_Y+04,4,4,0.4714,45.0,middle,104.4719,48.9359,deposition_edge_ring+center_anomaly
LOT-DEP-EDGE,WAFER-DEPO-002,X+04_Y+05,4,5,0.53359,51.34,middle,104.1306,49.1481,deposition_edge_ring+center_anomaly
LOT-DEP-EDGE,WAFER-DEPO-002,X+04_Y+06,4,6,0.60093,56.31,middle,104.2987,48.9597,deposition_edge_ring+center_anomaly
LOT-DEP-EDGE,WAFER-DEPO-002,X+04_Y+07,4,7,0.67185,60.255,middle,103.6132,48.8312,deposition_edge_ring+center_anomaly
LOT-DEP-EDGE,WAFER-DEPO-002,X+04_Y+08,4,8,0.74536,63.435,middle,103.4127,48.9323,deposition_edge_ring+center_anomaly
LOT-DEP-EDGE,WAFER-DEPO-002,X+04_Y+09,4,9,0.82074,66.038,edge,100.6824,51.1543,deposition_edge_ring+center_anomaly
LOT-DEP-EDGE,WAFER-DEPO-002,X+04_Y+10,4,10,0.89753,68.199,edge,97.451,52.6835,deposition_edge_ring+center_anomaly
LOT-DEP-EDGE,WAFER-DEPO-002,X+04_Y+11,4,11,0.97539,70.017,edge,99.6166,50.886,deposition_edge_ring+center_anomaly
LOT-DEP-EDGE,WAFER-DEPO-002,X+05_Y-10,5,-10,0.93169,-63.435,edge,98.3351,52.5171,deposition_edge_ring+center_anomaly
LOT-DEP-EDGE,WAFER-DEPO-002,X+05_Y-09,5,-9,0.85797,-60.945,edge,98.9459,52.3697,deposition_edge_ring+center_anomaly
LOT-DEP-EDGE,WAFER-DEPO-002,X+05_Y-08,5,-8,0.78617,-57.995,middle,102.5344,49.7571,deposition_edge_ring+center_anomaly
LOT-DEP-EDGE,WAFER-DEPO-002,X+05_Y-07,5,-7,0.71686,-54.462,middle,104.4009,49.1377,deposition_edge_ring+center_anomaly
LOT-DEP-EDGE,WAFER-DEPO-002,X+05_Y-06,5,-6,0.65085,-50.194,middle,103.688,49.0384,deposition_edge_ring+center_anomaly
LOT-DEP-EDGE,WAFER-DEPO-002,X+05_Y-05,5,-5,0.58926,-45.0,middle,103.9501,48.7822,deposition_edge_ring+center_anomaly
LOT-DEP-EDGE,WAFER-DEPO-002,X+05_Y-04,5,-4,0.53359,-38.66,middle,104.5642,48.8005,deposition_edge_ring+center_anomaly
LOT-DEP-EDGE,WAFER-DEPO-002,X+05_Y-03,5,-3,0.48591,-30.964,middle,105.0855,48.7759,deposition_edge_ring+center_anomaly
LOT-DEP-EDGE,WAFER-DEPO-002,X+05_Y-02,5,-2,0.44876,-21.801,middle,106.2913,48.8936,deposition_edge_ring+center_anomaly
LOT-DEP-EDGE,WAFER-DEPO-002,X+05_Y-01,5,-1,0.42492,-11.31,middle,104.971,48.7468,deposition_edge_ring+center_anomaly
LOT-DEP-EDGE,WAFER-DEPO-002,X+05_Y+00,5,0,0.41667,0.0,middle,105.9923,48.7992,deposition_edge_ring+center_anomaly
LOT-DEP-EDGE,WAFER-DEPO-002,X+05_Y+01,5,1,0.42492,11.31,middle,105.2654,48.5661,deposition_edge_ring+center_anomaly
LOT-DEP-EDGE,WAFER-DEPO-002,X+05_Y+02,5,2,0.44876,21.801,middle,105.2962,48.8632,deposition_edge_ring+center_anomaly
LOT-DEP-EDGE,WAFER-DEPO-002,X+05_Y+03,5,3,0.48591,30.964,middle,104.5115,48.9024,deposition_edge_ring+center_anomaly
LOT-DEP-EDGE,WAFER-DEPO-002,X+05_Y+04,5,4,0.53359,38.66,middle,104.5079,48.8504,deposition_edge_ring+center_anomaly
LOT-DEP-EDGE,WAFER-DEPO-002,X+05_Y+05,5,5,0.58926,45.0,middle,104.3657,48.8143,deposition_edge_ring+center_anomaly
LOT-DEP-EDGE,WAFER-DEPO-002,X+05_Y+06,5,6,0.65085,50.194,middle,104.1088,48.8732,deposition_edge_ring+center_anomaly
LOT-DEP-EDGE,WAFER-DEPO-002,X+05_Y+07,5,7,0.71686,54.462,middle,103.0677,49.0366,deposition_edge_ring+center_anomaly
LOT-DEP-EDGE,WAFER-DEPO-002,X+05_Y+08,5,8,0.78617,57.995,middle,102.2516,49.9974,deposition_edge_ring+center_anomaly
LOT-DEP-EDGE,WAFER-DEPO-002,X+05_Y+09,5,9,0.85797,60.945,edge,97.753,52.2949,deposition_edge_ring+center_anomaly
LOT-DEP-EDGE,WAFER-DEPO-002,X+05_Y+10,5,10,0.93169,63.435,edge,97.5196,52.5487,deposition_edge_ring+center_anomaly
LOT-DEP-EDGE,WAFER-DEPO-002,X+06_Y-10,6,-10,0.97183,-59.036,edge,100.3697,51.2974,deposition_edge_ring+center_anomaly
LOT-DEP-EDGE,WAFER-DEPO-002,X+06_Y-09,6,-9,0.90139,-56.31,edge,97.8982,52.7122,deposition_edge_ring+center_anomaly
LOT-DEP-EDGE,WAFER-DEPO-002,X+06_Y-08,6,-8,0.83333,-53.13,edge,99.5876,51.3825,deposition_edge_ring+center_anomaly
LOT-DEP-EDGE,WAFER-DEPO-002,X+06_Y-07,6,-7,0.7683,-49.399,middle,103.0076,49.4079,deposition_edge_ring+center_anomaly
LOT-DEP-EDGE,WAFER-DEPO-002,X+06_Y-06,6,-6,0.70711,-45.0,middle,104.3564,49.0525,deposition_edge_ring+center_anomaly
LOT-DEP-EDGE,WAFER-DEPO-002,X+06_Y-05,6,-5,0.65085,-39.806,middle,104.424,48.9515,deposition_edge_ring+center_anomaly
LOT-DEP-EDGE,WAFER-DEPO-002,X+06_Y-04,6,-4,0.60093,-33.69,middle,104.1943,49.1211,deposition_edge_ring+center_anomaly
LOT-DEP-EDGE,WAFER-DEPO-002,X+06_Y-03,6,-3,0.55902,-26.565,middle,104.1751,48.7994,deposition_edge_ring+center_anomaly
LOT-DEP-EDGE,WAFER-DEPO-002,X+06_Y-02,6,-2,0.52705,-18.435,middle,104.5232,48.7037,deposition_edge_ring+center_anomaly
LOT-DEP-EDGE,WAFER-DEPO-002,X+06_Y-01,6,-1,0.5069,-9.462,middle,105.2183,49.071,deposition_edge_ring+center_anomaly
LOT-DEP-EDGE,WAFER-DEPO-002,X+06_Y+00,6,0,0.5,0.0,middle,104.8804,48.6666,deposition_edge_ring+center_anomaly
LOT-DEP-EDGE,WAFER-DEPO-002,X+06_Y+01,6,1,0.5069,9.462,middle,104.5515,49.0384,deposition_edge_ring+center_anomaly
LOT-DEP-EDGE,WAFER-DEPO-002,X+06_Y+02,6,2,0.52705,18.435,middle,104.1213,48.8908,deposition_edge_ring+center_anomaly
LOT-DEP-EDGE,WAFER-DEPO-002,X+06_Y+03,6,3,0.55902,26.565,middle,104.5989,48.7378,deposition_edge_ring+center_anomaly
LOT-DEP-EDGE,WAFER-DEPO-002,X+06_Y+04,6,4,0.60093,33.69,middle,104.3497,48.9853,deposition_edge_ring+center_anomaly
LOT-DEP-EDGE,WAFER-DEPO-002,X+06_Y+05,6,5,0.65085,39.806,middle,103.5079,48.9612,deposition_edge_ring+center_anomaly
LOT-DEP-EDGE,WAFER-DEPO-002,X+06_Y+06,6,6,0.70711,45.0,middle,102.6844,49.3847,deposition_edge_ring+center_anomaly
LOT-DEP-EDGE,WAFER-DEPO-002,X+06_Y+07,6,7,0.7683,49.399,middle,102.6427,49.6284,deposition_edge_ring+center_anomaly
LOT-DEP-EDGE,WAFER-DEPO-002,X+06_Y+08,6,8,0.83333,53.13,edge,99.7329,51.5032,deposition_edge_ring+center_anomaly
LOT-DEP-EDGE,WAFER-DEPO-002,X+06_Y+09,6,9,0.90139,56.31,edge,97.8704,52.9675,deposition_edge_ring+center_anomaly
LOT-DEP-EDGE,WAFER-DEPO-002,X+06_Y+10,6,10,0.97183,59.036,edge,99.6339,51.1187,deposition_edge_ring+center_anomaly
LOT-DEP-EDGE,WAFER-DEPO-002,X+07_Y-09,7,-9,0.95015,-52.125,edge,99.9262,51.9672,deposition_edge_ring+center_anomaly
LOT-DEP-EDGE,WAFER-DEPO-002,X+07_Y-08,7,-8,0.88585,-48.814,edge,98.0,52.5195,deposition_edge_ring+center_anomaly
LOT-DEP-EDGE,WAFER-DEPO-002,X+07_Y-07,7,-7,0.82496,-45.0,edge,100.7645,50.8018,deposition_edge_ring+center_anomaly
LOT-DEP-EDGE,WAFER-DEPO-002,X+07_Y-06,7,-6,0.7683,-40.601,middle,103.0932,49.2527,deposition_edge_ring+center_anomaly
LOT-DEP-EDGE,WAFER-DEPO-002,X+07_Y-05,7,-5,0.71686,-35.538,middle,103.7673,48.8272,deposition_edge_ring+center_anomaly
LOT-DEP-EDGE,WAFER-DEPO-002,X+07_Y-04,7,-4,0.67185,-29.745,middle,104.094,49.1515,deposition_edge_ring+center_anomaly
LOT-DEP-EDGE,WAFER-DEPO-002,X+07_Y-03,7,-3,0.63465,-23.199,middle,104.4432,48.9009,deposition_edge_ring+center_anomaly
LOT-DEP-EDGE,WAFER-DEPO-002,X+07_Y-02,7,-2,0.60668,-15.945,middle,103.9029,48.8571,deposition_edge_ring+center_anomaly
LOT-DEP-EDGE,WAFER-DEPO-002,X+07_Y-01,7,-1,0.58926,-8.13,middle,104.7016,48.8256,deposition_edge_ring+center_anomaly
LOT-DEP-EDGE,WAFER-DEPO-002,X+07_Y+00,7,0,0.58333,0.0,middle,104.3247,49.0565,deposition_edge_ring+center_anomaly
LOT-DEP-EDGE,WAFER-DEPO-002,X+07_Y+01,7,1,0.58926,8.13,middle,104.1262,48.8751,deposition_edge_ring+center_anomaly
LOT-DEP-EDGE,WAFER-DEPO-002,X+07_Y+02,7,2,0.60668,15.945,middle,104.0748,48.9758,deposition_edge_ring+center_anomaly
LOT-DEP-EDGE,WAFER-DEPO-002,X+07_Y+03,7,3,0.63465,23.199,middle,103.7751,49.2393,deposition_edge_ring+center_anomaly
LOT-DEP-EDGE,WAFER-DEPO-002,X+07_Y+04,7,4,0.67185,29.745,middle,103.6808,49.08,deposition_edge_ring+center_anomaly
LOT-DEP-EDGE,WAFER-DEPO-002,X+07_Y+05,7,5,0.71686,35.538,middle,103.6727,48.9109,deposition_edge_ring+center_anomaly
LOT-DEP-EDGE,WAFER-DEPO-002,X+07_Y+06,7,6,0.7683,40.601,middle,102.9781,49.4393,deposition_edge_ring+center_anomaly
LOT-DEP-EDGE,WAFER-DEPO-002,X+07_Y+07,7,7,0.82496,45.0,edge,100.2806,51.0594,deposition_edge_ring+center_anomaly
LOT-DEP-EDGE,WAFER-DEPO-002,X+07_Y+08,7,8,0.88585,48.814,edge,97.7549,52.6646,deposition_edge_ring+center_anomaly
LOT-DEP-EDGE,WAFER-DEPO-002,X+07_Y+09,7,9,0.95015,52.125,edge,98.6441,52.1237,deposition_edge_ring+center_anomaly
LOT-DEP-EDGE,WAFER-DEPO-002,X+08_Y-08,8,-8,0.94281,-45.0,edge,99.08,52.0909,deposition_edge_ring+center_anomaly
LOT-DEP-EDGE,WAFER-DEPO-002,X+08_Y-07,8,-7,0.88585,-41.186,edge,98.0151,52.7592,deposition_edge_ring+center_anomaly
LOT-DEP-EDGE,WAFER-DEPO-002,X+08_Y-06,8,-6,0.83333,-36.87,edge,100.0379,51.245,deposition_edge_ring+center_anomaly
LOT-DEP-EDGE,WAFER-DEPO-002,X+08_Y-05,8,-5,0.78617,-32.005,middle,103.494,50.0622,deposition_edge_ring+center_anomaly
LOT-DEP-EDGE,WAFER-DEPO-002,X+08_Y-04,8,-4,0.74536,-26.565,middle,103.6807,49.161,deposition_edge_ring+center_anomaly
LOT-DEP-EDGE,WAFER-DEPO-002,X+08_Y-03,8,-3,0.712,-20.556,middle,104.3932,48.9537,deposition_edge_ring+center_anomaly
LOT-DEP-EDGE,WAFER-DEPO-002,X+08_Y-02,8,-2,0.68718,-14.036,middle,104.7925,48.7383,deposition_edge_ring+center_anomaly
LOT-DEP-EDGE,WAFER-DEPO-002,X+08_Y-01,8,-1,0.67185,-7.125,middle,103.7432,48.985,deposition_edge_ring+center_anomaly
LOT-DEP-EDGE,WAFER-DEPO-002,X+08_Y+00,8,0,0.66667,0.0,middle,103.8092,48.6373,deposition_edge_ring+center_anomaly
LOT-DEP-EDGE,WAFER-DEPO-002,X+08_Y+01,8,1,0.67185,7.125,middle,104.5583,48.9191,deposition_edge_ring+center_anomaly
LOT-DEP-EDGE,WAFER-DEPO-002,X+08_Y+02,8,2,0.68718,14.036,middle,103.8582,48.9429,deposition_edge_ring+center_anomaly
LOT-DEP-EDGE,WAFER-DEPO-002,X+08_Y+03,8,3,0.712,20.556,middle,103.6171,49.1409,deposition_edge_ring+center_anomaly
LOT-DEP-EDGE,WAFER-DEPO-002,X+08_Y+04,8,4,0.74536,26.565,middle,103.9239,49.1808,deposition_edge_ring+center_anomaly
LOT-DEP-EDGE,WAFER-DEPO-002,X+08_Y+05,8,5,0.78617,32.005,middle,101.7738,49.8437,deposition_edge_ring+center_anomaly
LOT-DEP-EDGE,WAFER-DEPO-002,X+08_Y+06,8,6,0.83333,36.87,edge,100.182,51.5042,deposition_edge_ring+center_anomaly
LOT-DEP-EDGE,WAFER-DEPO-002,X+08_Y+07,8,7,0.88585,41.186,edge,97.6873,52.8624,deposition_edge_ring+center_anomaly
LOT-DEP-EDGE,WAFER-DEPO-002,X+08_Y+08,8,8,0.94281,45.0,edge,98.9517,51.8932,deposition_edge_ring+center_anomaly
LOT-DEP-EDGE,WAFER-DEPO-002,X+09_Y-07,9,-7,0.95015,-37.875,edge,99.6818,51.8502,deposition_edge_ring+center_anomaly
LOT-DEP-EDGE,WAFER-DEPO-002,X+09_Y-06,9,-6,0.90139,-33.69,edge,97.8545,52.7075,deposition_edge_ring+center_anomaly
LOT-DEP-EDGE,WAFER-DEPO-002,X+09_Y-05,9,-5,0.85797,-29.055,edge,98.7545,52.0728,deposition_edge_ring+center_anomaly
LOT-DEP-EDGE,WAFER-DEPO-002,X+09_Y-04,9,-4,0.82074,-23.962,edge,101.0593,50.9875,deposition_edge_ring+center_anomaly
LOT-DEP-EDGE,WAFER-DEPO-002,X+09_Y-03,9,-3,0.79057,-18.435,middle,101.924,50.3883,deposition_edge_ring+center_anomaly
LOT-DEP-EDGE,WAFER-DEPO-002,X+09_Y-02,9,-2,0.7683,-12.529,middle,103.347,49.4705,deposition_edge_ring+center_anomaly
LOT-DEP-EDGE,WAFER-DEPO-002,X+09_Y-01,9,-1,0.75462,-6.34,middle,103.0966,49.3721,deposition_edge_ring+center_anomaly
LOT-DEP-EDGE,WAFER-DEPO-002,X+09_Y+00,9,0,0.75,0.0,middle,102.7588,49.368,deposition_edge_ring+center_anomaly
LOT-DEP-EDGE,WAFER-DEPO-002,X+09_Y+01,9,1,0.75462,6.34,middle,103.5066,49.3711,deposition_edge_ring+center_anomaly
LOT-DEP-EDGE,WAFER-DEPO-002,X+09_Y+02,9,2,0.7683,12.529,middle,102.7892,49.4612,deposition_edge_ring+center_anomaly
LOT-DEP-EDGE,WAFER-DEPO-002,X+09_Y+03,9,3,0.79057,18.435,middle,102.3945,50.382,deposition_edge_ring+center_anomaly
LOT-DEP-EDGE,WAFER-DEPO-002,X+09_Y+04,9,4,0.82074,23.962,edge,101.2679,50.9282,deposition_edge_ring+center_anomaly
LOT-DEP-EDGE,WAFER-DEPO-002,X+09_Y+05,9,5,0.85797,29.055,edge,98.7336,52.0601,deposition_edge_ring+center_anomaly
LOT-DEP-EDGE,WAFER-DEPO-002,X+09_Y+06,9,6,0.90139,33.69,edge,98.0956,52.6809,deposition_edge_ring+center_anomaly
LOT-DEP-EDGE,WAFER-DEPO-002,X+09_Y+07,9,7,0.95015,37.875,edge,99.046,51.9701,deposition_edge_ring+center_anomaly
LOT-DEP-EDGE,WAFER-DEPO-002,X+10_Y-06,10,-6,0.97183,-30.964,edge,100.4283,50.9894,deposition_edge_ring+center_anomaly
LOT-DEP-EDGE,WAFER-DEPO-002,X+10_Y-05,10,-5,0.93169,-26.565,edge,99.1218,52.2378,deposition_edge_ring+center_anomaly
LOT-DEP-EDGE,WAFER-DEPO-002,X+10_Y-04,10,-4,0.89753,-21.801,edge,98.212,52.5958,deposition_edge_ring+center_anomaly
LOT-DEP-EDGE,WAFER-DEPO-002,X+10_Y-03,10,-3,0.87003,-16.699,edge,98.9986,52.4813,deposition_edge_ring+center_anomaly
LOT-DEP-EDGE,WAFER-DEPO-002,X+10_Y-02,10,-2,0.84984,-11.31,edge,98.9491,51.8711,deposition_edge_ring+center_anomaly
LOT-DEP-EDGE,WAFER-DEPO-002,X+10_Y-01,10,-1,0.83749,-5.711,edge,99.9009,51.5559,deposition_edge_ring+center_anomaly
LOT-DEP-EDGE,WAFER-DEPO-002,X+10_Y+00,10,0,0.83333,0.0,edge,100.7376,51.3789,deposition_edge_ring+center_anomaly
LOT-DEP-EDGE,WAFER-DEPO-002,X+10_Y+01,10,1,0.83749,5.711,edge,99.5924,51.5241,deposition_edge_ring+center_anomaly
LOT-DEP-EDGE,WAFER-DEPO-002,X+10_Y+02,10,2,0.84984,11.31,edge,98.937,52.1793,deposition_edge_ring+center_anomaly
LOT-DEP-EDGE,WAFER-DEPO-002,X+10_Y+03,10,3,0.87003,16.699,edge,98.2197,52.4774,deposition_edge_ring+center_anomaly
LOT-DEP-EDGE,WAFER-DEPO-002,X+10_Y+04,10,4,0.89753,21.801,edge,97.7828,53.0912,deposition_edge_ring+center_anomaly
LOT-DEP-EDGE,WAFER-DEPO-002,X+10_Y+05,10,5,0.93169,26.565,edge,98.794,52.4342,deposition_edge_ring+center_anomaly
LOT-DEP-EDGE,WAFER-DEPO-002,X+10_Y+06,10,6,0.97183,30.964,edge,100.4162,51.1666,deposition_edge_ring+center_anomaly
LOT-DEP-EDGE,WAFER-DEPO-002,X+11_Y-04,11,-4,0.97539,-19.983,edge,100.7725,51.022,deposition_edge_ring+center_anomaly
LOT-DEP-EDGE,WAFER-DEPO-002,X+11_Y-03,11,-3,0.95015,-15.255,edge,99.233,51.8717,deposition_edge_ring+center_anomaly
LOT-DEP-EDGE,WAFER-DEPO-002,X+11_Y-02,11,-2,0.93169,-10.305,edge,98.2599,52.438,deposition_edge_ring+center_anomaly
LOT-DEP-EDGE,WAFER-DEPO-002,X+11_Y-01,11,-1,0.92045,-5.194,edge,98.2224,52.6076,deposition_edge_ring+center_anomaly
LOT-DEP-EDGE,WAFER-DEPO-002,X+11_Y+00,11,0,0.91667,0.0,edge,97.8737,52.3528,deposition_edge_ring+center_anomaly
LOT-DEP-EDGE,WAFER-DEPO-002,X+11_Y+01,11,1,0.92045,5.194,edge,98.7214,52.5944,deposition_edge_ring+center_anomaly
LOT-DEP-EDGE,WAFER-DEPO-002,X+11_Y+02,11,2,0.93169,10.305,edge,97.9472,52.6952,deposition_edge_ring+center_anomaly
LOT-DEP-EDGE,WAFER-DEPO-002,X+11_Y+03,11,3,0.95015,15.255,edge,99.2463,51.8527,deposition_edge_ring+center_anomaly
LOT-DEP-EDGE,WAFER-DEPO-002,X+11_Y+04,11,4,0.97539,19.983,edge,100.6126,50.7801,deposition_edge_ring+center_anomaly
LOT-DEP-EDGE,WAFER-DEPO-002,X+12_Y+00,12,0,1.0,0.0,edge,101.839,50.1417,deposition_edge_ring+center_anomaly
